{"report": {"environment": {}, "tests": [], "summary": {"num_tests": 0, "duration": 0.532670259475708}, "created_at": "2020-03-18 14:22:37.233478"}}