{"report": {"environment": {}, "tests": [], "summary": {"num_tests": 0, "duration": 0.39875316619873047}, "created_at": "2020-03-18 12:56:36.621678"}}